{
 "global_orient": [
  2.983267068862915,
  0.016287323087453842,
  0.3679782748222351
 ],
 "camera": {
  "camera_center": [
   320.0,
   180.0
  ],
  "camera_pose": [
   [
    1.0,
    0.0,
    0.0,
    0.013262792490422726
   ],
   [
    0.0,
    1.0,
    0.0,
    0.6041622757911682
   ],
   [
    0.0,
    0.0,
    1.0,
    1.244644284248352
   ],
   [
    0.0,
    0.0,
    0.0,
    1.0
   ]
  ]
 },
 "compact_axis_angle_rotations": {
  "pelvis": [
   -0.0008701403,
   -0.2113715,
   0.027884435
  ],
  "left_hip": [
   0.06698603,
   -0.11959422,
   0.040652074
  ],
  "right_hip": [
   -0.06850111,
   -0.12446908,
   0.0037421044
  ],
  "spine1": [
   -0.009298411,
   -0.31079873,
   0.06264749
  ],
  "left_knee": [
   0.25931147,
   0.10953452,
   -0.16946107
  ],
  "right_knee": [
   -0.10866879,
   0.07956857,
   -0.3053294
  ],
  "spine2": [
   0.009723048,
   -0.43060368,
   0.022924557
  ],
  "left_ankle": [
   0.1530478,
   0.38408995,
   0.08017716
  ],
  "right_ankle": [
   -0.12654841,
   0.4021702,
   -0.09377688
  ],
  "spine3": [
   0.025646705,
   -0.46676838,
   -0.017416347
  ],
  "left_foot": [
   0.2186943,
   0.4880629,
   0.041560233
  ],
  "right_foot": [
   -0.15768687,
   0.48664227,
   -0.18562314
  ],
  "neck": [
   0.059780788,
   -0.67579156,
   -0.048929553
  ],
  "left_collar": [
   0.11695118,
   -0.57857656,
   -0.008936016
  ],
  "right_collar": [
   -0.030883413,
   -0.59839815,
   -0.040518533
  ],
  "head": [
   0.08650252,
   -0.7227344,
   -0.108028814
  ],
  "left_shoulder": [
   0.20549107,
   -0.5691213,
   0.011346558
  ],
  "right_shoulder": [
   -0.11878295,
   -0.6245639,
   -0.06730157
  ],
  "left_elbow": [
   0.20089158,
   -0.3328024,
   0.10160297
  ],
  "right_elbow": [
   -0.2658077,
   -0.42856544,
   -0.03487622
  ],
  "left_wrist": [
   0.20951761,
   -0.14518277,
   -0.044866636
  ],
  "right_wrist": [
   -0.29611725,
   -0.25503552,
   -0.20564401
  ],
  "L_Hand": [
   0.21509695,
   -0.076033205,
   -0.08732849
  ],
  "R_Hand": [
   -0.31020033,
   -0.1957478,
   -0.25961185
  ]
 }
}